"","mutant","hill_coef","ic50"
"1","Y253H",2.56558713968499,"4.28502251931964"
"2","E255V",5.00059672280292,"5.69539595864179"
"3","F486S",3.24446359929457,"1.52826302531913"
"4","H396P",2.40911093587749,"1.71917511146436"
"5","E255K",2.82501349860805,"1.20524510137634"
"6","T315I",0.877422960391986,"4.37728345883507"
"7","Q252H",2.85741304065067,"1.00797599671354"
"8","Y253F",1.73580103968265,"1.11718892821399"
"9","G250E",1.52187608477898,"1.36174019269676"
"10","F359C",3.40478427235084,"0.771142708737944"
"11","L248V",2.32531953747453,"0.789323367866031"
"12","H396R",1.05250696520576,"0.498458528323903"
"13","F359V",3.46879447028041,"0.546515568854384"
"14","M351T",2.81663293526418,"0.517056570509063"
"15","E355G",2.14407880072272,"0.46353387339626"
"16","F317L",2.45613114654658,"0.44623585218442"
"17","F359I",1.84491745700617,"0.35162343766519"
"18","E355A",3.28893690298361,"0.421148057466565"
"19","E459K",2.79851262806228,"0.337081610803491"
"20","D276G",1.53729305249805,"0.221111353299469"
"21","V299L",2.31798156022932,"0.163038181719866"
"22","Wt",1.74368485395424,"0.176486889408461"
