"","mutant","percent_error","count_mean_obs","count_sd_obs","count_mean_pred"
"1","E255V",49.9813818317603,2127974.70700721,266156.125091088,1064383.54341465
"2","Y253H",75.3260361771673,3238510.72836759,1310997.70928494,799068.965515977
"3","T315I",53.6980612217499,3429963.02212379,523820.551242821,1588139.37862038
"4","H396P",83.8709519849334,527979.970219472,98779.7197931367,970801.797532312
"5","E255K",596.935070589874,49941.2228270805,12432.5955795983,348057.89656336
"6","G250E",55.9943291038419,1161010.17498278,205667.590393895,510910.316673833
"7","Y253F",221.500243491141,110165.499682739,18294.974378804,354182.349723239
"8","Q252H",788.339259569135,59062.0278192397,9408.14534539654,524671.180615951
"9","L248V",104.958970945321,164074.08691559,63941.5266501167,336284.560130126
"10","H396R",7.61101952021369,127492.174327455,44426.7919367006,137195.628602263
"11","E355G",1080.98137647554,6618.86672058591,5768.65856982599,78167.5833038571
"12","M351T",92.9746987729546,1069560.01629614,30435.2713529869,75139.8129488401
"13","F359V",84.2157706139792,26977.1955132145,11917.3449427585,49696.2486047079
"14","F317L",71.6970853540221,31143.6548939957,14058.1283970932,53472.7477257059
"15","F359I",367.93544437452,9698.74946641713,8543.2397224524,45383.8864144504
"16","E355A",58.9841227028376,7318.80581823388,5484.2648861852,11635.7392224434
"17","E459K",62.6063583437863,5738.34989652782,1835.04515493807,9330.92179576832
